{
    "ret": 0.4047231591801259,
    "mtx": [
        654.1395424212163,
        0.0,
        632.6768606867521,
        0.0,
        654.8945555817177,
        385.6205969664858,
        0.0,
        0.0,
        1.0
    ],
    "dist": [
        -0.10342970682162184,
        0.06282635320258528,
        -0.0011866925284820815,
        0.0012412207243680741,
        -0.02557653856927406
    ],
    "rvecs": [
        [
            0.06595937574374974,
            -0.04481214343717845,
            1.5221085046258227
        ],
        [
            0.07463417624988447,
            0.17392916755072632,
            -1.5441149439998092
        ],
        [
            0.07375397390445004,
            0.1640182510535475,
            -1.49780123933156
        ],
        [
            0.059520153696300794,
            -0.11773269018243361,
            1.2990831009660115
        ],
        [
            0.10176674207702145,
            -0.14509984745207427,
            1.1077461376920095
        ],
        [
            0.030971321853397293,
            -0.24843628994342812,
            -1.527993829276694
        ],
        [
            0.07767341385902041,
            -0.020750669182948107,
            1.5259992963477622
        ],
        [
            -0.041210222746699006,
            -0.010512968002356208,
            -1.189959985674854
        ]
    ],
    "tvecs": [
        [
            -1.0208944673011413,
            -5.1491794193817935,
            19.675611858456527
        ],
        [
            -0.43579994548703854,
            -3.9584541726312814,
            20.289546352767168
        ],
        [
            -0.5487741688728185,
            -4.4669816197439625,
            20.186813159143153
        ],
        [
            -9.710170577904414,
            -7.533114799691609,
            19.29423083533216
        ],
        [
            -10.030545394732906,
            -6.772981873517442,
            19.183324834472366
        ],
        [
            -18.68776949644108,
            8.174292618107504,
            19.29303297497351
        ],
        [
            1.9968130968125166,
            2.8524551880001856,
            19.970972278374564
        ],
        [
            -6.150966751142365,
            4.455148559611328,
            20.282447911412984
        ]
    ]
}