{
    "ret": 0.4047231591801259,
    "mtx": [
        654.1395424212163,
        0.0,
        632.6768606867521,
        0.0,
        654.8945555817177,
        385.6205969664858,
        0.0,
        0.0,
        1.0
    ],
    "dist": [
        -0.10342970682162184,
        0.06282635320258528,
        -0.0011866925284820815,
        0.0012412207243680741,
        -0.02557653856927406
    ],
    "rvecs": [
        [
            0.06595744137402497,
            -0.044824816122264105,
            1.522109111543865
        ],
        [
            0.07460118667626434,
            0.17389833524206663,
            -1.544113709819133
        ],
        [
            0.07372672332387506,
            0.16399967751237443,
            -1.4977992101782234
        ],
        [
            0.05949942317006053,
            -0.11779049506142704,
            1.2990804942535472
        ],
        [
            0.1017419153124118,
            -0.1451344130636512,
            1.1077424106042288
        ],
        [
            0.03102117510424646,
            -0.24859414637258434,
            -1.5279917258817213
        ],
        [
            0.07767428949275627,
            -0.020757618437272165,
            1.526002582622863
        ],
        [
            -0.041110885194788935,
            -0.010511752439953233,
            -1.1899524223784603
        ]
    ],
    "tvecs": [
        [
            -1.0209032747296212,
            -5.1491879451621685,
            19.675717646422193
        ],
        [
            -0.43581157828240596,
            -3.9584583542661957,
            20.28951236689634
        ],
        [
            -0.5487802492762593,
            -4.4670014021396325,
            20.18684930028175
        ],
        [
            -9.710352425537344,
            -7.5331807384583245,
            19.29466360876702
        ],
        [
            -10.030727423748145,
            -6.773056795527416,
            19.183804735863088
        ],
        [
            -18.687733906047395,
            8.17426684256168,
            19.292526912716895
        ],
        [
            1.9968194271689923,
            2.8524670107627963,
            19.971013631670097
        ],
        [
            -6.150959716427364,
            4.455121735263772,
            20.282283923832264
        ]
    ]
}