{
    "ret": 0.24299529617532126,
    "mtx": [
        598.9981920654568,
        0.0,
        642.5268547043177,
        0.0,
        603.1191512666826,
        415.2732275894294,
        0.0,
        0.0,
        1.0
    ],
    "dist": [
        -0.1031388946670195,
        0.053227996329004455,
        0.011867105837622018,
        -0.0012239638672424925,
        -0.015596259164581504
    ],
    "rvecs": [
        [
            -0.26204845708674046,
            -0.11499570768008305,
            -0.021874152618209963
        ],
        [
            -0.28465559400281887,
            -0.04335295473068414,
            -0.035433870980578056
        ],
        [
            -0.23966444384375815,
            0.00772694502553874,
            0.012179216690495067
        ],
        [
            -0.2593322045677798,
            0.04216174945051587,
            0.0035015297900939236
        ],
        [
            -0.34199404189657995,
            0.10171573926321938,
            0.000444122815435972
        ],
        [
            -0.08064091920070816,
            0.09387332734023783,
            0.035684556078234876
        ],
        [
            -0.03708003831210682,
            0.013823038664999027,
            0.13538545723912931
        ],
        [
            -0.17965585042130067,
            0.04655641150640668,
            -0.24749180479782612
        ],
        [
            -0.2567154071465834,
            0.09828195710807373,
            0.027045702076708922
        ],
        [
            -0.24923148860388078,
            0.1502101649514259,
            0.24143847772827426
        ],
        [
            -0.03529470835838934,
            -0.0006236248104761515,
            0.02062304706868356
        ],
        [
            -0.3023622699702077,
            -0.0016366905117834445,
            -0.0448082710085866
        ],
        [
            -0.3035572902205439,
            -0.010505118075041698,
            -0.04103996776813725
        ],
        [
            -0.22261510872369042,
            0.05437862130735877,
            -0.014766181932549317
        ],
        [
            -0.2755701573708496,
            0.05738703820015919,
            0.005571460619402262
        ],
        [
            -0.25717869580082087,
            0.03601270887476266,
            0.012011039943468457
        ],
        [
            -0.2569219736014176,
            0.06926591635437092,
            0.16029195765347362
        ],
        [
            -0.2414730844230688,
            0.03722167580681284,
            0.16827070456821577
        ],
        [
            -0.18689505290492925,
            -0.0795891512704359,
            0.03662468080684659
        ]
    ],
    "tvecs": [
        [
            -5.405028873955952,
            -9.096625686043247,
            19.55407231081075
        ],
        [
            -1.0370243027767947,
            -7.615045129878034,
            18.5088258823168
        ],
        [
            -0.8430540329319733,
            -4.596208838798915,
            17.831545964224077
        ],
        [
            1.1672407244653253,
            -3.232521236735355,
            17.685074342529166
        ],
        [
            3.490839520787717,
            -1.7384473958701463,
            17.0826918268845
        ],
        [
            0.18882793201367534,
            -14.413941299191292,
            21.174857057325895
        ],
        [
            -2.9707709198094943,
            -9.78462415669156,
            19.97925035116664
        ],
        [
            1.532308806109645,
            -11.3903732277613,
            19.907310162022803
        ],
        [
            0.6089693490230559,
            -8.166449844361336,
            18.489618049252343
        ],
        [
            0.08601624914132128,
            -8.863608443218135,
            18.788736042978485
        ],
        [
            -2.668012415646822,
            -9.4072089296574,
            19.90493688543071
        ],
        [
            0.9124976565347103,
            -6.859642925192567,
            18.206662613858878
        ],
        [
            3.10164801878167,
            -5.421354282463773,
            19.089669224067116
        ],
        [
            2.088327158458416,
            -2.3749865511362285,
            18.327089909930635
        ],
        [
            -0.4518378661454639,
            -4.1866267103252754,
            16.879853222082954
        ],
        [
            -1.995577262173949,
            -5.666925291283797,
            17.320165004832454
        ],
        [
            -2.3856650467782856,
            -6.138845410186055,
            17.499006387451978
        ],
        [
            -3.813931357550748,
            -6.8974534337046,
            18.01699021191153
        ],
        [
            -3.33655032929916,
            -5.781326427198475,
            19.04489676063322
        ]
    ]
}