{
    "ret": 0.40472316656337176,
    "mtx": [
        654.1395948242834,
        0.0,
        632.676861516807,
        0.0,
        654.8946079313162,
        385.6206055013717,
        0.0,
        0.0,
        1.0
    ],
    "dist": [
        -0.10342971720323721,
        0.06282637259165406,
        -0.0011866926908261073,
        0.0012412211130039868,
        -0.025576551847587396
    ],
    "rvecs": [
        [
            0.06595744974851837,
            -0.04482481972383295,
            1.5221091118675707
        ],
        [
            0.074601193887998,
            0.1738983441121266,
            -1.5441137093433528
        ],
        [
            0.0737267299568157,
            0.16399968524568348,
            -1.4977992097789017
        ],
        [
            0.05949943222179775,
            -0.1177904996668131,
            1.2990804944676104
        ],
        [
            0.1017419284592888,
            -0.14513441953007797,
            1.1077424107698575
        ],
        [
            0.03102117138227999,
            -0.24859416237818677,
            -1.5279917276919703
        ],
        [
            0.07767430111702048,
            -0.020757626344385702,
            1.5260025830801864
        ],
        [
            -0.04111088371380848,
            -0.010511749953954078,
            -1.1899524221229993
        ]
    ],
    "tvecs": [
        [
            -1.0209033000073529,
            -5.149188203457964,
            19.675719213602438
        ],
        [
            -0.43581160332474395,
            -3.958458619798651,
            20.289513978845292
        ],
        [
            -0.5487802745395863,
            -4.467001666426936,
            20.186850904535767
        ],
        [
            -9.710352454076178,
            -7.5331809993209555,
            19.294665180565588
        ],
        [
            -10.030727445253856,
            -6.773057050998986,
            19.183806286039154
        ],
        [
            -18.687733895463076,
            8.17426655441391,
            19.29252852115731
        ],
        [
            1.9968194018560304,
            2.8524667504840697,
            19.971015239183906
        ],
        [
            -6.150959742600548,
            4.455121468717415,
            20.2822855671173
        ]
    ]
}